flowId,src,dst,proto,sPort,dPort,tx,rx,lost,throughput_Mbps,avgDelay_ms,avgJitter_ms
1,10.0.8.1,10.0.1.2,17,49153,9,40,40,0,0.008857,9.313680,0.000000
2,10.0.1.2,10.0.8.1,17,9,49153,40,40,0,0.008857,9.313680,0.000000
